Private:Deposits,Private:Loans,Private:GovBonds,Private:Currency,Private:NetWorth,Banks:Loans,Banks:Reserves,Banks:Deposits,Banks:BankEquity,Government:TGA,Government:GovBonds,Government:GovEquity,CentralBank:Reserves,CentralBank:Currency,CentralBank:TGA,CentralBank:GovBonds,CentralBank:CBEq
1006.1666666666666,808.0,581.3666666666667,0.0,779.5333333333333,808.0,200.33333333333337,1006.1666666666666,2.1666666666667425,0.0,581.3666666666667,-581.3666666666667,200.33333333333337,0.0,0.0,0.0,-200.33333333333337
1012.3918055555555,816.08,662.9003722222222,0.0,859.2121777777778,816.08,200.66722222222228,1012.3918055555555,4.35541666666677,0.0,662.9003722222222,-662.9003722222222,200.66722222222228,0.0,0.0,0.0,-200.66722222222228
1018.6759987268515,824.2408,744.6014943324075,0.0,939.036693059259,824.2408,201.0016675925926,1018.6759987268515,6.566468865741172,0.0,744.6014943324075,-744.6014943324075,201.0016675925926,0.0,0.0,0.0,-201.0016675925926
1025.0198340591242,832.483208,826.4704118546179,0.0,1019.007037913742,832.483208,201.3366703719136,1025.0198340591242,8.800044312789396,0.0,826.4704118546179,-826.4704118546179,201.3366703719136,0.0,0.0,0.0,-201.3366703719136
1031.4239053075069,840.80804008,908.5075048446506,0.0,1099.1233700721575,840.80804008,201.6722314892001,1031.4239053075069,11.056366261693256,0.0,908.5075048446506,-908.5075048446506,201.6722314892001,0.0,0.0,0.0,-201.6722314892001
1037.8888121624632,849.2161204808,990.7131545635086,0.0,1179.3858462451717,849.2161204808,202.00835187501542,1037.8888121624632,13.335660193352169,0.0,990.7131545635086,-990.7131545635086,202.00835187501542,0.0,0.0,0.0,-202.00835187501542
1044.4151603091373,857.708281685608,1073.0877434842623,0.0,1259.7946221077916,857.708281685608,202.34503246147375,1044.4151603091373,15.638153837944401,0.0,1073.0877434842623,-1073.0877434842623,202.34503246147375,0.0,0.0,0.0,-202.34503246147375
1051.0035614872993,866.2853645024641,1155.6316552989697,0.0,1340.3498522838047,866.2853645024641,202.68227418224282,1051.0035614872993,17.964077197407505,0.0,1155.6316552989697,-1155.6316552989697,202.68227418224282,0.0,0.0,0.0,-202.68227418224282
1057.6546335518883,874.9482181474887,1238.3452749256546,0.0,1421.051690330054,874.9482181474887,203.02007797254657,1057.6546335518883,20.31366256814681,0.0,1238.3452749256546,-1238.3452749256546,203.02007797254657,0.0,0.0,0.0,-203.02007797254657
1064.3690005341646,883.6977003289635,1321.2289885153457,0.0,1501.9002887205465,883.6977003289635,203.35844476916745,1064.3690005341646,22.687144563966285,0.0,1321.2289885153457,-1321.2289885153457,203.35844476916745,0.0,0.0,0.0,-203.35844476916745
1071.147292703469,892.5346773322532,1404.2831834591734,0.0,1582.8957988303896,892.5346773322532,203.69737551044946,1071.147292703469,25.084760139233595,0.0,1404.2831834591734,-1404.2831834591734,203.69737551044946,0.0,0.0,0.0,-203.69737551044946
1077.9901466296035,901.4600241055757,1487.5082483955293,0.0,1664.0383709195569,901.4600241055757,204.03687113630025,1077.9901466296035,27.50674861227253,0.0,1487.5082483955293,-1487.5082483955293,204.03687113630025,0.0,0.0,0.0,-204.03687113630025
1084.898205245832,910.4746243466315,1570.9045732172858,0.0,1745.328154116486,910.4746243466315,204.37693258819414,1084.898205245832,29.953351688993507,0.0,1570.9045732172858,-1570.9045732172858,204.37693258819414,0.0,0.0,0.0,-204.37693258819414
1091.8721179125143,919.5793705900978,1654.4725490790772,0.0,1826.7652964014937,919.5793705900978,204.71756080917447,1091.8721179125143,32.42481348675801,0.0,1654.4725490790772,-1654.4725490790772,204.71756080917447,0.0,0.0,0.0,-204.71756080917447
1098.9125404813751,928.7751642959988,1738.2125684046434,0.0,1908.3499445900197,928.7751642959988,205.0587567438564,1098.9125404813751,34.92138055848022,0.0,1738.2125684046434,-1738.2125684046434,205.0587567438564,0.0,0.0,0.0,-205.0587567438564
1106.0201353604164,938.0629159389588,1822.1250248942365,0.0,1990.0822443156944,938.0629159389588,205.40052133842948,1106.0201353604164,37.443301916971905,0.0,1822.1250248942365,-1822.1250248942365,205.40052133842948,0.0,0.0,0.0,-205.40052133842948
1113.1955715794766,947.4435450983484,1906.2103135320908,0.0,2071.962340013219,947.4435450983484,205.74285554066023,1113.1955715794766,39.99082905953219,0.0,1906.2103135320908,-1906.2103135320908,205.74285554066023,0.0,0.0,0.0,-205.74285554066023
1120.4395248564485,956.9179805493319,1990.4688305939574,0.0,2153.990374901074,956.9179805493319,206.08576029989462,1120.4395248564485,42.56421599277792,0.0,1990.4688305939574,-1990.4688305939574,206.08576029989462,0.0,0.0,0.0,-206.08576029989462
1127.752677664158,966.4871603548252,2074.9009736547023,0.0,2236.166490964035,966.4871603548252,206.4292365670611,1127.752677664158,45.16371925772819,0.0,2074.9009736547023,-2074.9009736547023,206.4292365670611,0.0,0.0,0.0,-206.4292365670611
1135.1357192979106,976.1520319583734,2159.507141595971,0.0,2318.490828935508,976.1520319583734,206.77328529467286,1135.1357192979106,47.789597955135605,0.0,2159.507141595971,-2159.507141595971,206.77328529467286,0.0,0.0,0.0,-206.77328529467286
1142.5893459437148,985.9135522779571,2244.287734613919,0.0,2400.9635282796767,985.9135522779571,207.11790743683065,1142.5893459437148,50.44211377107308,0.0,2244.287734613919,-2244.287734613919,207.11790743683065,0.0,0.0,0.0,-207.11790743683065
1150.114260747188,995.7726878007367,2329.2431542270083,0.0,2483.5847271734597,995.7726878007367,207.4631039492254,1150.114260747188,53.12153100277419,0.0,2329.2431542270083,-2329.2431542270083,207.4631039492254,0.0,0.0,0.0,-207.4631039492254
1157.7111738831486,1005.7304146787441,2414.3738032838714,0.0,2566.354562488276,1005.7304146787441,207.80887578914076,1157.7111738831486,55.82811658473611,0.0,2414.3738032838714,-2414.3738032838714,207.80887578914076,0.0,0.0,0.0,-207.80887578914076
1165.3808026259094,1015.7877188255316,2499.6800859712444,0.0,2649.273169771622,1015.7877188255316,208.15522391545602,1165.3808026259094,58.56214011507814,0.0,2499.6800859712444,-2499.6800859712444,208.15522391545602,0.0,0.0,0.0,-208.15522391545602
1173.1238714202682,1025.9455960137868,2585.162407821966,0.0,2732.3406832284472,1025.9455960137868,208.5021492886484,1173.1238714202682,61.323873882166936,0.0,2585.162407821966,-2585.162407821966,208.5021492886484,0.0,0.0,0.0,-208.5021492886484
1180.9411119532103,1036.2050519739246,2670.8211757230492,0.0,2815.557235702335,1036.2050519739246,208.84965287079615,1180.9411119532103,64.11359289151028,0.0,2670.8211757230492,-2670.8211757230492,208.84965287079615,0.0,0.0,0.0,-208.84965287079615
1188.833263226331,1046.567102493664,2756.656797923819,0.0,2898.922958656486,1046.567102493664,209.1977356255808,1188.833263226331,66.93157489291389,0.0,2756.656797923819,-2756.656797923819,209.1977356255808,0.0,0.0,0.0,-209.1977356255808
1196.8010716289773,1057.0327735186006,2842.6696840441246,0.0,2982.4379821545012,1057.0327735186006,209.54639851829015,1196.8010716289773,69.77810040791337,0.0,2842.6696840441246,-2842.6696840441246,209.54639851829015,0.0,0.0,0.0,-209.54639851829015
1204.8452910121252,1067.6031012537867,2928.86024508262,0.0,3066.1024348409583,1067.6031012537867,209.89564251582064,1204.8452910121252,72.653452757482,0.0,2928.86024508262,-2928.86024508262,209.89564251582064,0.0,0.0,0.0,-209.89564251582064
1212.9666827629937,1078.2791322663245,3015.228893425119,0.0,3149.9164439217884,1078.2791322663245,210.24546858668037,1212.9666827629937,75.55791809001107,0.0,3015.228893425119,-3015.228893425119,210.24546858668037,0.0,0.0,0.0,-210.24546858668037
1221.166015880405,1089.0619235889878,3101.7760428530196,0.0,3233.8801351444363,1089.0619235889878,210.59587770099145,1221.166015880405,78.49178540957428,0.0,3101.7760428530196,-3101.7760428530196,210.59587770099145,0.0,0.0,0.0,-210.59587770099145
1229.4440670508986,1099.9525428248778,3188.5021085518047,0.0,3317.993632777825,1099.9525428248778,210.94687083049308,1229.4440670508986,81.4553466044722,0.0,3188.5021085518047,-3188.5021085518047,210.94687083049308,0.0,0.0,0.0,-210.94687083049308
1237.8016207256069,1110.9520682531265,3275.407507119616,0.0,3402.257059592096,1110.9520682531265,211.29844894854386,1237.8016207256069,84.44889647606351,0.0,3275.407507119616,-3275.407507119616,211.29844894854386,0.0,0.0,0.0,-211.29844894854386
1246.2394691978989,1122.0615889356577,3362.4926565759033,0.0,3486.6705368381445,1122.0615889356577,211.6506130301248,1246.2394691978989,87.4727327678836,0.0,3362.4926565759033,-3362.4926565759033,211.6506130301248,0.0,0.0,0.0,-211.6506130301248
1254.7584126818015,1133.2822048250143,3449.757976370146,0.0,3571.2341842269325,1133.2822048250143,212.00336405184163,1254.7584126818015,90.52715619505443,0.0,3449.757976370146,-3449.757976370146,212.00336405184163,0.0,0.0,0.0,-212.00336405184163
1263.359259391203,1144.6150268732645,3537.203887390656,0.0,3655.948119908594,1144.6150268732645,212.35670299192802,1263.359259391203,93.61247047398933,0.0,3537.203887390656,-3537.203887390656,212.35670299192802,0.0,0.0,0.0,-212.35670299192802
1272.0428256198509,1156.0611771419972,3624.8308119734543,0.0,3740.8124604513077,1156.0611771419972,212.7106308302479,1272.0428256198509,96.72898235239427,0.0,3624.8308119734543,-3624.8308119734543,212.7106308302479,0.0,0.0,0.0,-212.7106308302479
1280.809935822147,1167.621788913417,3712.639173911226,0.0,3825.827320819956,1167.621788913417,213.0651485482983,1280.809935822147,99.87700163956833,0.0,3712.639173911226,-3712.639173911226,213.0651485482983,0.0,0.0,0.0,-213.0651485482983
1289.661422694755,1179.2980068025513,3800.6293984623535,0.0,3910.992814354557,1179.2980068025513,213.42025712921213,1289.661422694755,103.05684123700848,0.0,3800.6293984623535,-3800.6293984623535,213.42025712921213,0.0,0.0,0.0,-213.42025712921213
1298.598127259018,1191.090986870577,3888.8019123600307,0.0,3996.309052748472,1191.090986870577,213.77595755776088,1298.598127259018,106.26881716931985,0.0,3888.8019123600307,-3888.8019123600307,213.77595755776088,0.0,0.0,0.0,-213.77595755776088
1307.6208989442043,1203.0018967392828,3977.1571438214546,0.0,4081.7761460263764,1203.0018967392828,214.13225082035717,1307.6208989442043,109.51324861543571,0.0,3977.1571438214546,-3977.1571438214546,214.13225082035717,0.0,0.0,0.0,-214.13225082035717
1316.7305956715866,1215.0319157066756,4065.6955225570996,0.0,4167.394202522011,1215.0319157066756,214.48913790505773,1316.7305956715866,112.79045794014678,0.0,4065.6955225570996,-4065.6955225570996,214.48913790505773,0.0,0.0,0.0,-214.48913790505773
1325.9280839393577,1227.1822348637425,4154.417479780073,0.0,4253.163328855689,1227.1822348637425,214.84661980156616,1325.9280839393577,116.10077072595095,0.0,4154.417479780073,-4154.417479780073,214.84661980156616,0.0,0.0,0.0,-214.84661980156616
1335.2142389083988,1239.45405721238,4243.323448215553,0.0,4339.083629911572,1239.45405721238,215.20469750123542,1335.2142389083988,119.4445158052165,0.0,4243.323448215553,-4243.323448215553,215.20469750123542,0.0,0.0,0.0,-215.20469750123542
1344.5899444889048,1251.8485977845037,4332.4138621103075,0.0,4425.155208814708,1251.8485977845037,215.56337199707085,1344.5899444889048,122.82202529266965,0.0,4332.4138621103075,-4332.4138621103075,215.56337199707085,0.0,0.0,0.0,-215.56337199707085
1354.0560934278753,1264.3670837623488,4421.689157242303,0.0,4511.37816690783,1264.3670837623488,215.92264428373267,1354.0560934278753,126.23363461820622,0.0,4421.689157242303,-4421.689157242303,215.92264428373267,0.0,0.0,0.0,-215.92264428373267
1363.6135873974808,1277.0107545999722,4511.149770930391,0.0,4597.7526037279,1277.0107545999722,216.2825153575389,1363.6135873974808,129.6796825600302,0.0,4511.149770930391,-4511.149770930391,216.2825153575389,0.0,0.0,0.0,-216.2825153575389
1373.2633370843118,1289.780862145972,4600.796142044086,0.0,4684.278616982427,1289.780862145972,216.64298621646807,1373.2633370843118,133.16051127812807,0.0,4600.796142044086,-4600.796142044086,216.64298621646807,0.0,0.0,0.0,-216.64298621646807
1383.006262279522,1302.6786707674316,4690.628711013424,0.0,4770.956302525515,1302.6786707674316,217.00405786016216,1383.006262279522,136.67646634807193,0.0,4690.628711013424,-4690.628711013424,217.00405786016216,0.0,0.0,0.0,-217.00405786016216
1392.8432919698712,1315.705457475106,4780.647919838916,0.0,4857.785754333681,1315.705457475106,217.36573128992916,1392.8432919698712,140.22789679516382,0.0,4780.647919838916,-4780.647919838916,217.36573128992916,0.0,0.0,0.0,-217.36573128992916
1402.7753644296802,1328.862512049857,4870.854212101583,0.0,4944.767064481405,1328.862512049857,217.72800750874572,1402.7753644296802,143.8151551289227,0.0,4870.854212101583,-4870.854212101583,217.72800750874572,0.0,0.0,0.0,-217.72800750874572
1412.8034273137039,1342.1511371703557,4961.248032973081,0.0,5031.900323116429,1342.1511371703557,218.0908875212603,1412.8034273137039,147.43859737791217,0.0,4961.248032973081,-4961.248032973081,218.0908875212603,0.0,0.0,0.0,-218.0908875212603
1422.9284377509343,1355.5726485420591,5051.8298292259215,0.0,5119.185618434797,1355.5726485420591,218.45437233379573,1422.9284377509343,151.09858312492042,0.0,5051.8298292259215,-5051.8298292259215,218.45437233379573,0.0,0.0,0.0,-218.45437233379573
1433.1513624393406,1369.1283750274797,5142.600049243776,0.0,5206.623036655637,1369.1283750274797,218.81846295435207,1433.1513624393406,154.7954755424912,0.0,5142.600049243776,-5142.600049243776,218.81846295435207,0.0,0.0,0.0,-218.81846295435207
1443.4731777415566,1382.8196587777545,5233.5591430318755,0.0,5294.212661995677,1382.8196587777545,219.1831603926093,1443.4731777415566,158.52964142880728,0.0,5233.5591430318755,-5233.5591430318755,219.1831603926093,0.0,0.0,0.0,-219.1831603926093
1453.8948697815258,1396.647855365532,5324.707562227501,0.0,5381.954576643495,1396.647855365532,219.5484656599304,1453.8948697815258,162.30145124393653,0.0,5324.707562227501,-5324.707562227501,219.5484656599304,0.0,0.0,0.0,-219.5484656599304
1464.417434542114,1410.6143339191874,5416.045760110569,0.0,5469.848860733496,1410.6143339191874,219.9143797693636,1464.417434542114,166.11127914643703,0.0,5416.045760110569,-5416.045760110569,219.9143797693636,0.0,0.0,0.0,-219.9143797693636
1475.0418779636937,1424.7204772583793,5507.574191614312,0.0,5557.895592319627,1424.7204772583793,220.2809037356458,1475.0418779636937,169.95950303033146,0.0,5507.574191614312,-5507.574191614312,220.2809037356458,0.0,0.0,0.0,-220.2809037356458
1485.769216043719,1438.967682030963,5599.293313336053,0.0,5646.094847348809,1438.967682030963,220.64803857520522,1485.769216043719,173.84650456244913,0.0,5599.293313336053,-5599.293313336053,220.64803857520522,0.0,0.0,0.0,-220.64803857520522
1496.6004749372953,1453.3573588512727,5691.203583548072,0.0,5734.446699634094,1453.3573588512727,221.01578530616396,1496.6004749372953,177.77266922014132,0.0,5691.203583548072,-5691.203583548072,221.01578530616396,0.0,0.0,0.0,-221.01578530616396
1507.5366910587513,1467.8909324397855,5783.305462208579,0.0,5822.9512208275455,1467.8909324397855,221.38414494834092,1507.5366910587513,181.7383863293751,0.0,5783.305462208579,-5783.305462208579,221.38414494834092,0.0,0.0,0.0,-221.38414494834092
1518.5789111842323,1482.5698417641834,5875.59941097278,0.0,5911.608480392829,1482.5698417641834,221.7531185232548,1518.5789111842323,185.74404910320595,0.0,5875.59941097278,-5875.59941097278,221.7531185232548,0.0,0.0,0.0,-221.7531185232548
1529.7281925553139,1497.3955401818253,5968.085893204037,0.0,6000.418545577526,1497.3955401818253,222.12270705412692,1529.7281925553139,189.79005468063838,0.0,5968.085893204037,-5968.085893204037,222.12270705412692,0.0,0.0,0.0,-222.12270705412692
1540.9856029836556,1512.3694955836436,6060.765373985141,0.0,6089.381481385153,1512.3694955836436,222.4929115658838,1540.9856029836556,193.87680416587182,0.0,6060.765373985141,-6060.765373985141,222.4929115658838,0.0,0.0,0.0,-222.4929115658838
1552.3522209566995,1527.49319053948,6153.63832012967,0.0,6178.49735054689,1527.49319053948,222.86373308516028,1552.3522209566995,198.00470266794082,0.0,6153.63832012967,-6153.63832012967,222.86373308516028,0.0,0.0,0.0,-222.86373308516028
1563.8291357444264,1542.768122444875,6246.7052001934635,0.0,6267.766213493014,1542.768122444875,223.2351726403022,1563.8291357444264,202.17415934075075,0.0,6246.7052001934635,-6246.7052001934635,223.2351726403022,0.0,0.0,0.0,-223.2351726403022
1575.4174475071793,1558.1958036693238,6339.96648448619,0.0,6357.1881283240455,1558.1958036693238,223.60723126136935,1575.4174475071793,206.38558742351393,0.0,6339.96648448619,-6339.96648448619,223.60723126136935,0.0,0.0,0.0,-223.60723126136935
1587.1182674045642,1573.7777617060171,6433.422645083024,0.0,6446.76315078157,1573.7777617060171,223.9799099801383,1587.1182674045642,210.63940428159117,0.0,6433.422645083024,-6433.422645083024,223.9799099801383,0.0,0.0,0.0,-223.9799099801383
1598.9327177054415,1589.5155393230773,6527.074155836426,0.0,6536.491334218791,1589.5155393230773,224.35320983010521,1598.9327177054415,214.93603144774102,0.0,6527.074155836426,-6527.074155836426,224.35320983010521,0.0,0.0,0.0,-224.35320983010521
1610.8619318990168,1605.4106947163082,6620.92149238803,0.0,6626.372729570739,1605.4106947163082,224.72713184648873,1610.8619318990168,219.27589466378004,0.0,6620.92149238803,-6620.92149238803,224.72713184648873,0.0,0.0,0.0,-224.72713184648873
1622.9070548070417,1621.4648016634712,6714.965132180634,0.0,6716.407385324204,1621.4648016634712,225.10167706623287,1622.9070548070417,223.65942392266243,0.0,6714.965132180634,-6714.965132180634,225.10167706623287,0.0,0.0,0.0,-225.10167706623287
1635.0692426971373,1637.679449680106,6809.2055544703035,0.0,6806.595347487334,1637.679449680106,225.4768465280099,1635.0692426971373,228.08705351097865,0.0,6809.2055544703035,-6809.2055544703035,225.4768465280099,0.0,0.0,0.0,-225.4768465280099
1647.3496633972522,1654.056244176907,6903.643240338582,0.0,6896.936659558927,1654.056244176907,225.85264127222325,1647.3496633972522,232.55922205187812,0.0,6903.643240338582,-6903.643240338582,225.85264127222325,0.0,0.0,0.0,-225.85264127222325
1659.749496411263,1670.596806618676,6998.278672704811,0.0,6987.431362497398,1670.596806618676,226.22906234101026,1659.749496411263,237.07637254842348,0.0,6998.278672704811,-6998.278672704811,226.22906234101026,0.0,0.0,0.0,-226.22906234101026
1672.2699330357302,1687.302774684863,7093.112336338564,0.0,7078.079494689432,1687.302774684863,226.6061107782453,1672.2699330357302,241.63895242737794,0.0,7093.112336338564,-7093.112336338564,226.6061107782453,0.0,0.0,0.0,-226.6061107782453
1684.9121764778256,1704.1758024317116,7188.144717872192,0.0,7168.881091918307,1704.1758024317116,226.98378762954235,1684.9121764778256,246.2474135834284,0.0,7188.144717872192,-7188.144717872192,226.98378762954235,0.0,0.0,0.0,-226.98378762954235
1697.677441974435,1721.2175604560287,7283.376305813478,0.0,7259.8361873318845,1721.2175604560287,227.36209394225824,1697.677441974435,250.902212423852,0.0,7283.376305813478,-7283.376305813478,227.36209394225824,0.0,0.0,0.0,-227.36209394225824
1710.5669569124539,1738.429736060589,7378.807590558414,0.0,7350.944811410278,1738.429736060589,227.74103076549534,1710.5669569124539,255.60380991363036,0.0,7378.807590558414,-7378.807590558414,227.74103076549534,0.0,0.0,0.0,-227.74103076549534
1723.5819609502848,1755.8140334211948,7474.439064404086,0.0,7442.206991933175,1755.8140334211948,228.12059915010448,1723.5819609502848,260.35267162101445,0.0,7474.439064404086,-7474.439064404086,228.12059915010448,0.0,0.0,0.0,-228.12059915010448
1736.7237061405515,1773.3721737554067,7570.271221561683,0.0,7533.622753946828,1773.3721737554067,228.500800148688,1736.7237061405515,265.1492677635433,0.0,7570.271221561683,-7570.271221561683,228.500800148688,0.0,0.0,0.0,-228.500800148688
1749.993457054038,1791.1058954929608,7666.30455816962,0.0,7625.1921197306965,1791.1058954929608,228.88163481560252,1749.993457054038,269.99407325452535,0.0,7666.30455816962,-7666.30455816962,228.88163481560252,0.0,0.0,0.0,-228.88163481560252
1763.3924909048692,1809.0169544478904,7762.539572306779,0.0,7716.9151087637565,1809.0169544478904,229.26310420696188,1763.3924909048692,274.8875677499832,0.0,7762.539572306779,-7762.539572306779,229.26310420696188,0.0,0.0,0.0,-229.26310420696188
1776.9220976769425,1827.1071239923692,7858.9767640058735,0.0,7808.791737690446,1827.1071239923692,229.64520938064015,1776.9220976769425,279.8302356960671,0.0,7858.9767640058735,-7858.9767640058735,229.64520938064015,0.0,0.0,0.0,-229.64520938064015
1790.5835802516224,1845.378195232293,7955.616635266934,0.0,7900.822020286263,1845.378195232293,230.02795139627457,1790.5835802516224,284.82256637694513,0.0,7955.616635266934,-7955.616635266934,230.02795139627457,0.0,0.0,0.0,-230.02795139627457
1804.3782545367144,1863.8319771846159,8052.459690070915,0.0,7993.005967423012,1863.8319771846159,230.41133131526834,1804.3782545367144,289.8650539631699,0.0,8052.459690070915,-8052.459690070915,230.41133131526834,0.0,0.0,0.0,-230.41133131526834
1818.3074495967257,1882.470296956462,8149.506434393424,0.0,8085.343587033687,1882.470296956462,230.7953502007938,1818.3074495967257,294.95819756053015,0.0,8149.506434393424,-8149.506434393424,230.7953502007938,0.0,0.0,0.0,-230.7953502007938
1832.3725077844329,1901.2949999260268,8246.757376218582,0.0,8177.834884076987,1901.2949999260268,231.18000911779512,1832.3725077844329,300.1025012593891,0.0,8246.757376218582,-8246.757376218582,231.18000911779512,0.0,0.0,0.0,-231.18000911779512
1846.5747848737599,1920.307949925287,8344.213025553006,0.0,8270.479860501478,1920.307949925287,231.56530913299144,1846.5747848737599,305.2984741845187,0.0,8344.213025553006,-8344.213025553006,231.56530913299144,0.0,0.0,0.0,-231.56530913299144
1860.91565019399,1939.5110294245399,8441.873894439917,0.0,8363.278515209367,1939.5110294245399,231.9512513148798,1860.91565019399,310.54663054542993,0.0,8441.873894439917,-8441.873894439917,231.9512513148798,0.0,0.0,0.0,-231.9512513148798
1875.396486765315,1958.9061397187852,8539.740496973382,0.0,8456.230844019912,1958.9061397187852,232.33783673373793,1875.396486765315,315.8474896872078,0.0,8539.740496973382,-8539.740496973382,232.33783673373793,0.0,0.0,0.0,-232.33783673373793
1890.0186914357446,1978.495201115973,8637.81334931268,0.0,8549.336839632451,1978.495201115973,232.72506646162745,1890.0186914357446,321.2015761418561,0.0,8637.81334931268,-8637.81334931268,232.72506646162745,0.0,0.0,0.0,-232.72506646162745
1904.7836750193806,1998.2801531271327,8736.09296969681,0.0,8642.596491589058,1998.2801531271327,233.11294157239683,1904.7836750193806,326.60941968014913,0.0,8736.09296969681,-8736.09296969681,233.11294157239683,0.0,0.0,0.0,-233.11294157239683
1919.6928624360776,2018.2629546584042,8834.579878459119,0.0,8736.009786236791,2018.2629546584042,233.5014631416842,1919.6928624360776,332.0715553640107,0.0,8834.579878459119,-8834.579878459119,233.5014631416842,0.0,0.0,0.0,-233.5014631416842
1934.7476928524968,2038.445584204988,8933.27459804207,0.0,8829.576706689579,2038.445584204988,233.89063224692035,1934.7476928524968,337.5885235994117,0.0,8933.27459804207,-8933.27459804207,233.89063224692035,0.0,0.0,0.0,-233.89063224692035
1949.9496198245738,2058.830040047038,9032.177653012148,0.0,8923.297232789684,2058.830040047038,234.2804499673319,1949.9496198245738,343.16087018979624,0.0,9032.177653012148,-9032.177653012148,234.2804499673319,0.0,0.0,0.0,-234.2804499673319
1965.3001114414078,2079.4183404475084,9131.2895700749,0.0,9017.171341068799,2079.4183404475084,234.67091738394407,1965.3001114414078,348.7891463900446,0.0,9131.2895700749,-9131.2895700749,234.67091738394407,0.0,0.0,0.0,-234.67091738394407
1980.8006504705925,2100.2125238519834,9230.610878090107,0.0,9111.199004708715,2100.2125238519834,235.06203557958398,1980.8006504705925,354.473908960975,0.0,9230.610878090107,-9230.610878090107,235.06203557958398,0.0,0.0,0.0,-235.06203557958398
1996.452734504998,2121.2146490905034,9330.14210808711,0.0,9205.380193501604,2121.2146490905034,235.4538056388833,1996.452734504998,360.21572022438863,0.0,9330.14210808711,-9330.14210808711,235.4538056388833,0.0,0.0,0.0,-235.4538056388833
2012.257876111022,2142.4267955814084,9429.88379328026,0.0,9299.714873809873,2142.4267955814084,235.84622864828145,2012.257876111022,366.01514811866787,0.0,9429.88379328026,-9429.88379328026,235.84622864828145,0.0,0.0,0.0,-235.84622864828145
2028.2176029783236,2163.8510635372227,9529.836469084523,0.0,9394.203008525625,2163.8510635372227,236.23930569602865,2028.2176029783236,371.8727662549277,0.0,9529.836469084523,-9529.836469084523,236.23930569602865,0.0,0.0,0.0,-236.23930569602865
2044.3334580710537,2185.489574172595,9630.00067313122,0.0,9488.844557029679,2185.489574172595,236.6330378721887,2044.3334580710537,377.78915397373,0.0,9630.00067313122,-9630.00067313122,236.6330378721887,0.0,0.0,0.0,-236.6330378721887
2060.606999780596,2207.344469914321,9730.376945283919,0.0,9583.639475150194,2207.344469914321,237.02742626864233,2060.606999780596,383.7648964023674,0.0,9730.376945283919,-9730.376945283919,237.02742626864233,0.0,0.0,0.0,-237.02742626864233
2077.039802079842,2229.4179146134643,9830.965827654467,0.0,9678.587715120844,2229.4179146134643,237.42247197909003,2077.039802079842,389.80058451271225,0.0,9830.965827654467,-9830.965827654467,237.42247197909003,0.0,0.0,0.0,-237.42247197909003
2093.6334546789985,2251.712093759599,9931.76786461917,0.0,9773.68922553857,2251.712093759599,237.81817609905517,2093.6334546789985,395.89681517965573,0.0,9931.76786461917,-9931.76786461917,237.81817609905517,0.0,0.0,0.0,-237.81817609905517
2110.3895631829614,2274.229214697195,10032.783602835136,0.0,9868.943951320904,2274.229214697195,238.21453972588694,2110.3895631829614,402.0541912401204,0.0,10032.783602835136,-10032.783602835136,238.21453972588694,0.0,0.0,0.0,-238.21453972588694
2127.309749250262,2296.971506844167,10134.01359125674,0.0,9964.351833662835,2296.971506844167,238.61156395876338,2127.309749250262,408.2733215526682,0.0,10134.01359125674,-10134.01359125674,238.61156395876338,0.0,0.0,0.0,-238.61156395876338
2144.395650753598,2319.9412219126084,10235.458381152275,0.0,10059.912809993266,2319.9412219126084,239.0092498986947,2144.395650753598,414.5548210577049,0.0,10235.458381152275,-10235.458381152275,239.0092498986947,0.0,0.0,0.0,-239.0092498986947
2161.648921941977,2343.1406341317343,10337.11852612073,0.0,10155.626813930972,2343.1406341317343,239.4075986485259,2161.648921941977,420.8993108382833,0.0,10337.11852612073,-10337.11852612073,239.4075986485259,0.0,0.0,0.0,-239.4075986485259
2179.0712336044735,2366.5720404730514,10438.994582108735,0.0,10251.493775240158,2366.5720404730514,239.80661131294008,2179.0712336044735,427.3074181815182,0.0,10438.994582108735,-10438.994582108735,239.80661131294008,0.0,0.0,0.0,-239.80661131294008
2196.664273235631,2390.237760877782,10541.087107427667,0.0,10347.513619785515,2390.237760877782,240.20628899846167,2196.664273235631,433.7797766406129,0.0,10541.087107427667,-10541.087107427667,240.20628899846167,0.0,0.0,0.0,-240.20628899846167
2214.4297452025125,2414.14013848656,10643.396662770901,0.0,10443.686269486854,2414.14013848656,240.6066328134591,2214.4297452025125,440.3170260975062,0.0,10643.396662770901,-10643.396662770901,240.6066328134591,0.0,0.0,0.0,-240.6066328134591
2232.369370913425,2438.2815398714256,10745.923811231234,0.0,10540.011642273232,2438.2815398714256,241.00764386814816,2232.369370913425,446.9198128261487,0.0,10745.923811231234,-10745.923811231234,241.00764386814816,0.0,0.0,0.0,-241.00764386814816
2250.4848889883297,2462.66435527014,10848.66911831846,0.0,10636.48965203665,2462.66435527014,241.40932327459504,2250.4848889883297,453.5887895564051,0.0,10848.66911831846,-10848.66911831846,241.40932327459504,0.0,0.0,0.0,-241.40932327459504
2268.7780554309543,2487.290998822841,10951.633151977112,0.0,10733.120208585224,2487.290998822841,241.8116721467194,2268.7780554309543,460.3246155386064,0.0,10951.633151977112,-10951.633151977112,241.8116721467194,0.0,0.0,0.0,-241.8116721467194
2287.2506438026326,2512.1639088110696,11054.816482604376,0.0,10829.903217595938,2512.1639088110696,242.21469160029727,2287.2506438026326,467.12795660873417,0.0,11054.816482604376,-11054.816482604376,242.21469160029727,0.0,0.0,0.0,-242.21469160029727
2305.904445397875,2537.2855478991805,11158.219683068159,0.0,10926.838580566853,2537.2855478991805,242.6183827529644,2305.904445397875,473.99948525427,0.0,11158.219683068159,-11158.219683068159,242.6183827529644,0.0,0.0,0.0,-242.6183827529644
2324.7412694217005,2562.6584033781724,11261.843328725328,0.0,11023.926194768856,2562.6584033781724,243.02274672421936,2324.7412694217005,480.9398806806912,0.0,11261.843328725328,-11261.843328725328,243.02274672421936,0.0,0.0,0.0,-243.02274672421936
2343.762943168739,2588.2849874119543,11365.687997440127,0.0,11121.16595319691,2588.2849874119543,243.42778463542643,2343.762943168739,487.9498288786417,0.0,11365.687997440127,-11365.687997440127,243.42778463542643,0.0,0.0,0.0,-243.42778463542643
2362.971312204126,2614.167837286074,11469.754269602754,0.0,11218.557744520807,2614.167837286074,243.83349760981878,2362.971312204126,495.0300226917666,0.0,11469.754269602754,-11469.754269602754,243.83349760981878,0.0,0.0,0.0,-243.83349760981878
2382.3682405462037,2640.3095156589347,11574.042728148117,0.0,11316.101453035386,2640.3095156589347,244.23988677250182,2382.3682405462037,502.181161885233,0.0,11574.042728148117,-11574.042728148117,244.23988677250182,0.0,0.0,0.0,-244.23988677250182
2401.9556108510515,2666.712610815524,11678.553958574761,0.0,11413.796958610288,2666.712610815524,244.64695325045602,2401.9556108510515,509.4039532149286,0.0,11678.553958574761,-11678.553958574761,244.64695325045602,0.0,0.0,0.0,-244.64695325045602
2421.7353245988647,2693.379736923679,11783.28854896398,0.0,11511.644136639166,2693.379736923679,245.05469817254013,2421.7353245988647,516.6991104973545,0.0,11783.28854896398,-11783.28854896398,245.05469817254013,0.0,0.0,0.0,-245.05469817254013
2441.709302282188,2720.313534292916,11888.24708999909,0.0,11609.642857988361,2720.313534292916,245.46312266949434,2441.709302282188,524.0673546802218,0.0,11888.24708999909,-11888.24708999909,245.46312266949434,0.0,0.0,0.0,-245.46312266949434
2461.879483596043,2747.516669635845,11993.430174984902,0.0,11707.7929889451,2747.516669635845,245.87222787394344,2461.879483596043,531.5094139137454,0.0,11993.430174984902,-11993.430174984902,245.87222787394344,0.0,0.0,0.0,-245.87222787394344
2482.2478276299453,2774.9918363322035,12098.838399867363,0.0,11806.094391165105,2774.9918363322035,246.28201492039997,2482.2478276299453,539.0260236226582,0.0,12098.838399867363,-12098.838399867363,246.28201492039997,0.0,0.0,0.0,-246.28201492039997
2502.816313061852,2802.7417546955257,12204.47236325338,0.0,11904.546921619707,2802.7417546955257,246.69248494526732,2502.816313061852,546.617926578941,0.0,12204.47236325338,-12204.47236325338,246.69248494526732,0.0,0.0,0.0,-246.69248494526732
2523.5869383540403,2830.769172242481,12310.33266643084,0.0,12003.150432542401,2830.769172242481,247.1036390868428,2523.5869383540403,554.2858729752834,0.0,12310.33266643084,-12310.33266643084,247.1036390868428,0.0,0.0,0.0,-247.1036390868428
2544.5617219509522,2859.076863964906,12416.419913388805,0.0,12101.904771374851,2859.076863964906,247.51547848532084,2544.5617219509522,562.0306204992744,0.0,12416.419913388805,-12416.419913388805,247.51547848532084,0.0,0.0,0.0,-247.51547848532084
2565.7427024790104,2887.667632604555,12522.7347108379,0.0,12200.809780712356,2887.667632604555,247.92800428279637,2565.7427024790104,569.8529344083408,0.0,12522.7347108379,-12522.7347108379,247.92800428279637,0.0,0.0,0.0,-247.92800428279637
2587.1319389484397,2916.5443089306004,12629.2776682309,0.0,12299.865298248738,2916.5443089306004,248.34121762326765,2587.1319389484397,577.7535876054285,0.0,12629.2776682309,-12629.2776682309,248.34121762326765,0.0,0.0,0.0,-248.34121762326765
2608.7315109571005,2945.7097520199063,12736.04939778349,0.0,12399.071156720685,2945.7097520199063,248.75511965263973,2608.7315109571005,585.7333607154455,0.0,12736.04939778349,-12736.04939778349,248.75511965263973,0.0,0.0,0.0,-248.75511965263973
2630.5435188963643,2975.1668495401054,12843.050514495244,0.0,12498.427183851501,2975.1668495401054,249.16971151872747,2630.5435188963643,593.7930421624687,0.0,12843.050514495244,-12843.050514495244,249.16971151872747,0.0,0.0,0.0,-249.16971151872747
2652.570084159045,3004.9185180355066,12950.28163617078,0.0,12597.933202294318,3004.9185180355066,249.5849943712587,2652.570084159045,601.9334282477203,0.0,12950.28163617078,-12950.28163617078,249.5849943712587,0.0,0.0,0.0,-249.5849943712587
2674.8133493494142,3034.9677032158615,13057.743383441119,0.0,12697.589029574672,3034.9677032158615,250.00096936187748,2674.8133493494142,610.155323228325,0.0,13057.743383441119,-13057.743383441119,250.00096936187748,0.0,0.0,0.0,-250.00096936187748
2697.2754784953113,3065.31738024802,13165.436379785253,0.0,12797.394478032544,3065.31738024802,250.41763764414728,2697.2754784953113,618.4595393968561,0.0,13165.436379785253,-13165.436379785253,250.41763764414728,0.0,0.0,0.0,-250.41763764414728
2719.958657262377,3095.9705540505,13273.361251551907,0.0,12897.349354763785,3095.9705540505,250.83500037355415,2719.958657262377,626.8468971616771,0.0,13273.361251551907,-13273.361251551907,250.83500037355415,0.0,0.0,0.0,-250.83500037355415
2742.8650931704333,3126.9302595910053,13381.5186279815,0.0,12997.45346156093,3126.9302595910053,251.25305870751004,2742.8650931704333,635.3182251280823,0.0,13381.5186279815,-13381.5186279815,251.25305870751004,0.0,0.0,0.0,-251.25305870751004
2765.9970158120154,3158.1995621869155,13489.909141228329,0.0,13097.70659485343,3158.1995621869155,251.67181380535587,2765.9970158120154,643.8743601802557,0.0,13489.909141228329,-13489.909141228329,251.67181380535587,0.0,0.0,0.0,-251.67181380535587
2789.356677073105,3189.781557808785,13598.53342638294,0.0,13198.108545647263,3189.781557808785,252.09126682836478,2789.356677073105,652.5161475640448,0.0,13598.53342638294,-13598.53342638294,252.09126682836478,0.0,0.0,0.0,-252.09126682836478
2812.946351356058,3221.6793733868726,13707.392121494733,0.0,13298.65909946392,3221.6793733868726,252.5114189397454,2812.946351356058,661.2444409705599,0.0,13707.392121494733,-13707.392121494733,252.5114189397454,0.0,0.0,0.0,-252.5114189397454
2836.768335804767,3253.896167120741,13816.485867594754,0.0,13399.358036278778,3253.896167120741,252.93227130464498,2836.768335804767,670.0601026206191,0.0,13816.485867594754,-13816.485867594754,252.93227130464498,0.0,0.0,0.0,-252.93227130464498
2860.8249505320755,3286.4351287919485,13925.815308718724,0.0,13500.20513045885,3286.4351287919485,253.35382509015267,2860.8249505320755,678.9640033500255,0.0,13925.815308718724,-13925.815308718724,253.35382509015267,0.0,0.0,0.0,-253.35382509015267
2885.1185388494655,3319.299480079868,14035.381091930267,0.0,13601.200150699866,3319.299480079868,253.77608146530295,2885.1185388494655,687.9570226957053,0.0,14035.381091930267,-14035.381091930267,253.77608146530295,0.0,0.0,0.0,-253.77608146530295
2909.65146749904,3352.4924748806666,14145.183867344373,0.0,13702.342859962748,3352.4924748806666,254.19904160107845,2909.65146749904,697.0400489827052,0.0,14145.183867344373,-14145.183867344373,254.19904160107845,0.0,0.0,0.0,-254.19904160107845
2934.4261268878267,3386.0173996294734,14255.224288151065,0.0,13803.633015409418,3386.0173996294734,254.6227066704136,2934.4261268878267,706.2139794120603,0.0,14255.224288151065,-14255.224288151065,254.6227066704136,0.0,0.0,0.0,-254.6227066704136
2959.44493132443,3419.877573625768,14365.503010639306,0.0,13905.070368337967,3419.877573625768,255.0470778481976,2959.44493132443,715.4797201495358,0.0,14365.503010639306,-14365.503010639306,255.0470778481976,0.0,0.0,0.0,-255.0470778481976
2984.710319258039,3454.0763493620257,14476.020694221115,0.0,14006.65466411713,3454.0763493620257,255.47215631127796,2984.710319258039,724.8381864152648,0.0,14476.020694221115,-14476.020694221115,255.47215631127796,0.0,0.0,0.0,-255.47215631127796
3010.224753519834,3488.6171128556457,14586.778001455923,0.0,14108.385642120113,3488.6171128556457,255.89794323846343,3010.224753519834,734.2903025742753,0.0,14586.778001455923,-14586.778001455923,255.89794323846343,0.0,0.0,0.0,-255.89794323846343
3035.9907215668045,3523.503283984202,14697.775598075152,0.0,14210.263035657754,3523.503283984202,256.32443981052756,3035.9907215668045,743.837002227925,0.0,14697.775598075152,-14697.775598075152,256.32443981052756,0.0,0.0,0.0,-256.32443981052756
3062.010735728005,3558.738316824044,14809.01415300703,0.0,14312.28657191099,3558.738316824044,256.7516472102118,3062.010735728005,753.4792283062507,0.0,14809.01415300703,-14809.01415300703,256.7516472102118,0.0,0.0,0.0,-256.7516472102118
3088.287333453272,3594.3256999922846,14920.494338401639,0.0,14414.455971862626,3594.3256999922846,257.17956662222883,3088.287333453272,763.2179331612415,0.0,14920.494338401639,-14920.494338401639,257.17956662222883,0.0,0.0,0.0,-257.17956662222883
3114.8230775644324,3630.2689569922077,15032.216829656194,0.0,14516.77095022842,3630.2689569922077,257.6081992332659,3114.8230775644324,773.0540786610413,0.0,15032.216829656194,-15032.216829656194,257.6081992332659,0.0,0.0,0.0,-257.6081992332659
3141.6205565090177,3666.57164656213,15144.182305440574,0.0,14619.231215387463,3666.57164656213,258.037546231988,3141.6205565090177,782.9886362851003,0.0,15144.182305440574,-15144.182305440574,258.037546231988,0.0,0.0,0.0,-258.037546231988
3168.6823846165225,3703.237363027751,15256.39144772308,0.0,14721.83646931185,3703.237363027751,258.4676088090414,3168.6823846165225,793.02258722027,0.0,15256.39144772308,-15256.39144772308,258.4676088090414,0.0,0.0,0.0,-258.4676088090414
3196.011202357221,3740.2697366580287,15368.84494179644,0.0,14824.586407495633,3740.2697366580287,258.89838815705644,3196.011202357221,803.1569224578643,0.0,15368.84494179644,-15368.84494179644,258.89838815705644,0.0,0.0,0.0,-258.89838815705644
3223.6096766035726,3777.672434024609,15481.54347630408,0.0,14927.480718883044,3777.672434024609,259.32988547065156,3223.6096766035726,813.3926428916884,0.0,15481.54347630408,-15481.54347630408,259.32988547065156,0.0,0.0,0.0,-259.32988547065156
3251.4805008942394,3815.449158364855,15594.487743266604,0.0,15030.519085795986,3815.449158364855,259.762101946436,3251.4805008942394,823.7307594170516,0.0,15594.487743266604,-15594.487743266604,259.762101946436,0.0,0.0,0.0,-259.762101946436
3279.6263957007504,3853.6036499485035,15707.678438108564,0.0,15133.70118386081,3853.6036499485035,260.1950387830134,3279.6263957007504,834.172293030766,0.0,15707.678438108564,-15707.678438108564,260.1950387830134,0.0,0.0,0.0,-260.1950387830134
3308.0501086968243,3892.1396864479884,15821.116259685463,0.0,15237.0266819343,3892.1396864479884,260.62869718098506,3308.0501086968243,844.7182749321491,0.0,15821.116259685463,-15821.116259685463,260.62869718098506,0.0,0.0,0.0,-260.62869718098506
3336.7544150303916,3931.0610833124683,15934.801910311016,0.0,15340.49524202894,3931.0610833124683,261.06307834295336,3336.7544150303916,855.3697466250301,0.0,15934.801910311016,-15934.801910311016,261.06307834295336,0.0,0.0,0.0,-261.06307834295336
3365.7421175983336,3970.371694145593,16048.736095784676,0.0,15444.106519237415,3970.371694145593,261.49818347352493,3365.7421175983336,866.1277600207841,0.0,16048.736095784676,-16048.736095784676,261.49818347352493,0.0,0.0,0.0,-261.49818347352493
3395.01604732397,4010.0754110870494,16162.91952541941,0.0,15547.86016165633,4010.0754110870494,261.9340137793141,3395.01604732397,876.9933775423938,0.0,16162.91952541941,-16162.91952541941,261.9340137793141,0.0,0.0,0.0,-261.9340137793141
3424.57906343732,4050.17616519792,16277.352912069751,0.0,15651.755810309152,4050.17616519792,262.3705704689463,3424.57906343732,887.9676722295458,0.0,16277.352912069751,-16277.352912069751,262.3705704689463,0.0,0.0,0.0,-262.3705704689463
3454.4340537581706,4090.677926849899,16392.036972160116,0.0,15755.793099068387,4090.677926849899,262.80785475306124,3454.4340537581706,899.0517278447892,0.0,16392.036972160116,-16392.036972160116,262.80785475306124,0.0,0.0,0.0,-262.80785475306124
3484.5839349819685,4131.584706118398,16506.97242571338,0.0,15859.97165457695,4131.584706118398,263.2458678443163,3484.5839349819685,910.2466389807455,0.0,16506.97242571338,-16506.97242571338,263.2458678443163,0.0,0.0,0.0,-263.2458678443163
3515.031652968576,4172.900553179582,16622.15999637972,0.0,15964.291096168716,4172.900553179582,263.6846109573902,3515.031652968576,921.5535111683957,0.0,16622.15999637972,-16622.15999637972,263.6846109573902,0.0,0.0,0.0,-263.6846109573902
3545.7801830339135,4214.629558711378,16737.60041146577,0.0,16068.751035788304,4214.629558711378,264.12408530898585,3545.7801830339135,932.9734609864504,0.0,16737.60041146577,-16737.60041146577,264.12408530898585,0.0,0.0,0.0,-264.12408530898585
3576.8325302445182,4256.775854298492,16853.294401964,0.0,16173.351077910029,4256.775854298492,264.56429211783416,3576.8325302445182,944.507616171808,0.0,16853.294401964,-16853.294401964,264.56429211783416,0.0,0.0,0.0,-264.56429211783416
3608.1917297150453,4299.343612841477,16969.24270258242,0.0,16278.090819455992,4299.343612841477,265.0052326046972,3608.1917297150453,956.1571157311287,0.0,16969.24270258242,-16969.24270258242,265.0052326046972,0.0,0.0,0.0,-265.0052326046972
3639.860846908751,4342.337048969892,17085.44605177453,0.0,16382.969849713389,4342.337048969892,265.4469079923717,3639.860846908751,967.923110053513,0.0,17085.44605177453,-17085.44605177453,265.4469079923717,0.0,0.0,0.0,-265.4469079923717
3671.842977940974,4385.760419459591,17201.905191769572,0.0,16487.987750250955,4385.760419459591,265.8893195056923,3671.842977940974,979.8067610243093,0.0,17201.905191769572,-17201.905191769572,265.8893195056923,0.0,0.0,0.0,-265.8893195056923
3704.1412498856553,4429.618023654187,17318.620868603095,0.0,16593.144094834563,4429.618023654187,266.3324683715352,3704.1412498856553,991.809242140067,0.0,17318.620868603095,-17318.620868603095,266.3324683715352,0.0,0.0,0.0,-266.3324683715352
3736.7588210849212,4473.9142038907285,17435.593832147755,0.0,16698.43844934195,4473.9142038907285,266.7763558188211,3736.7588210849212,1003.931738624628,0.0,17435.593832147755,-17435.593832147755,266.7763558188211,0.0,0.0,0.0,-266.7763558188211
3769.698881461764,4518.653345929636,17552.824836144464,0.0,16803.870371676592,4518.653345929636,267.22098307851917,3769.698881461764,1016.1754475463918,0.0,17552.824836144464,-17552.824836144464,267.22098307851917,0.0,0.0,0.0,-267.22098307851917
3802.964652835846,4563.839879388933,17670.314638233795,0.0,16909.43941168071,4563.839879388933,267.66635138364995,3802.964652835846,1028.5415779367368,0.0,17670.314638233795,-17670.314638233795,267.66635138364995,0.0,0.0,0.0,-267.66635138364995
3836.5593892424695,4609.478278182822,17788.063999987717,0.0,17015.145111047364,4609.478278182822,268.11246196928937,3836.5593892424695,1041.0313509096413,0.0,17788.063999987717,-17788.063999987717,268.11246196928937,0.0,0.0,0.0,-268.11246196928937
3870.4863772547233,4655.57306096465,17906.073686941607,0.0,17120.987003231683,4655.57306096465,268.55931607257145,3870.4863772547233,1053.6459997824977,0.0,17906.073686941607,-17906.073686941607,268.55931607257145,0.0,0.0,0.0,-268.55931607257145
3904.7489363088666,4702.128791574296,18024.34446862659,0.0,17226.96461336116,4702.128791574296,269.0069149326924,3904.7489363088666,1066.3867701981221,0.0,18024.34446862659,-18024.34446862659,269.0069149326924,0.0,0.0,0.0,-269.0069149326924
3939.3504190329527,4749.1500794900385,18142.877118602173,0.0,17333.077458145086,4749.1500794900385,269.4552597909136,3939.3504190329527,1079.254920247999,0.0,18142.877118602173,-18142.877118602173,269.4552597909136,0.0,0.0,0.0,-269.4552597909136
3974.294211578747,4796.641580284939,18261.6724144892,0.0,17439.325045783007,4796.641580284939,269.90435189056507,3974.294211578747,1092.2517205967574,0.0,18261.6724144892,-18261.6724144892,269.90435189056507,0.0,0.0,0.0,-269.90435189056507
4009.583733956962,4844.607996087788,18380.731138003106,0.0,17545.70687587228,4844.607996087788,270.35419247704937,4009.583733956962,1105.3784546078755,0.0,18380.731138003106,-18380.731138003106,270.35419247704937,0.0,0.0,0.0,-270.35419247704937
4045.222440375844,4893.054076048666,18500.05407498751,0.0,17652.22243931469,4893.054076048666,270.8047827978445,4045.222440375844,1118.6364184706658,0.0,18500.05407498751,-18500.05407498751,270.8047827978445,0.0,0.0,0.0,-270.8047827978445
4081.213819583147,4941.984616809153,18619.642015448124,0.0,17758.871218222117,4941.984616809153,271.25612410250756,4081.213819583147,1132.0269213285133,0.0,18619.642015448124,-18619.642015448124,271.25612410250756,0.0,0.0,0.0,-271.25612410250756
4117.561395211526,4991.404462977244,18739.49575358696,0.0,17865.652685821246,4991.404462977244,271.7082176426784,4117.561395211526,1145.5512854083963,0.0,18739.49575358696,-18739.49575358696,271.7082176426784,0.0,0.0,0.0,-271.7082176426784
4154.268726127385,5041.318507607017,18859.61608783692,0.0,17972.566306357287,5041.318507607017,272.16106467208283,4154.268726127385,1159.2108461517146,0.0,18859.61608783692,-18859.61608783692,272.16106467208283,0.0,0.0,0.0,-272.16106467208283
4191.339406783205,5091.731692683087,18980.003820896643,0.0,18079.611534996762,5091.731692683087,272.61466644653626,4191.339406783205,1173.006952346418,0.0,18980.003820896643,-18980.003820896643,272.61466644653626,0.0,0.0,0.0,-272.61466644653626
4228.777067573412,5142.649009609918,19100.65975976576,0.0,18186.787817729255,5142.649009609918,273.06902422394717,4228.777067573412,1186.940966260453,0.0,19100.65975976576,-19100.65975976576,273.06902422394717,0.0,0.0,0.0,-273.06902422394717
4266.585375193789,5194.075499706017,19221.584715780435,0.0,18294.094591268207,5194.075499706017,273.5241392643204,4266.585375193789,1201.0142637765475,0.0,19221.584715780435,-19221.584715780435,273.5241392643204,0.0,0.0,0.0,-273.5241392643204
4304.7680330044905,5246.016254703077,19342.77950464927,0.0,18401.53128295068,5246.016254703077,273.98001282976094,4304.7680330044905,1215.2282345283475,0.0,19342.77950464927,-19342.77950464927,273.98001282976094,0.0,0.0,0.0,-273.98001282976094
4343.328781396682,5298.476417250107,19464.244946489536,0.0,18509.097310636113,5298.476417250107,274.4366461844772,4343.328781396682,1229.584282037903,0.0,19464.244946489536,-19464.244946489536,274.4366461844772,0.0,0.0,0.0,-274.4366461844772
4382.271398162848,5351.461181422608,19585.98186586378,0.0,18616.79208260402,5351.461181422608,274.89404059478466,4382.271398162848,1244.0838238545457,0.0,19585.98186586378,-19585.98186586378,274.89404059478466,0.0,0.0,0.0,-274.89404059478466
4421.599698870801,5404.975793236834,19707.991091816762,0.0,18724.61499745073,5404.975793236834,275.3521973291093,4421.599698870801,1258.7282916951417,0.0,19707.991091816762,-19707.991091816762,275.3521973291093,0.0,0.0,0.0,-275.3521973291093
4461.317537241439,5459.025551169202,19830.273457912743,0.0,18832.565443984982,5459.025551169202,275.8111176579912,4461.317537241439,1273.5191315857546,0.0,19830.273457912743,-19830.273457912743,275.8111176579912,0.0,0.0,0.0,-275.8111176579912
4501.428805530269,5513.615806680894,19952.82980227314,0.0,18940.642801122514,5513.615806680894,276.27080285408783,4501.428805530269,1288.4578040047136,0.0,19952.82980227314,-19952.82980227314,276.27080285408783,0.0,0.0,0.0,-276.27080285408783
4541.93743491275,5568.751964747703,20075.660967614553,0.0,19048.8464377796,5568.751964747703,276.73125419217797,4541.93743491275,1303.545784027131,0.0,20075.660967614553,-20075.660967614553,276.73125419217797,0.0,0.0,0.0,-276.73125419217797
4582.847395873495,5624.4394843951795,20198.76780128713,0.0,19157.175712765442,5624.4394843951795,277.1924729491649,4582.847395873495,1318.7845614708494,0.0,20198.76780128713,-20198.76780128713,277.1924729491649,0.0,0.0,0.0,-277.1924729491649
4624.162698599357,5680.683879239132,20322.15115531332,0.0,19265.629974673546,5680.683879239132,277.65446040408017,4624.162698599357,1334.1756410438547,0.0,20322.15115531332,-20322.15115531332,277.65446040408017,0.0,0.0,0.0,-277.65446040408017
4665.887393376451,5737.490718031523,20445.811886427007,0.0,19374.208561771935,5737.490718031523,278.11721783808696,4665.887393376451,1349.720542493159,0.0,20445.811886427007,-20445.811886427007,278.11721783808696,0.0,0.0,0.0,-278.11721783808696
4708.025570991141,5794.865625211838,20569.750856112987,0.0,19482.91080189229,5794.865625211838,278.58074653448375,4708.025570991141,1365.4208007551815,0.0,20569.750856112987,-20569.750856112987,278.58074653448375,0.0,0.0,0.0,-278.58074653448375
4750.5813631350475,5852.814281463957,20693.968930646857,0.0,19591.736012317946,5852.814281463957,279.0450477787079,4750.5813631350475,1381.2779661076174,0.0,20693.968930646857,-20693.968930646857,279.0450477787079,0.0,0.0,0.0,-279.0450477787079
4793.558942814087,5911.342424278597,20818.466981135272,0.0,19700.683499670762,5911.342424278597,279.51012285833906,4793.558942814087,1397.2936043228492,0.0,20818.466981135272,-20818.466981135272,279.51012285833906,0.0,0.0,0.0,-279.51012285833906
4836.962524761621,5970.455848521383,20943.245883556592,0.0,19809.75255979683,5970.455848521383,279.97597306310297,4836.962524761621,1413.4692968228646,0.0,20943.245883556592,-20943.245883556592,279.97597306310297,0.0,0.0,0.0,-279.97597306310297
4880.796365855732,6030.160407006597,21068.306518801925,0.0,19918.942477651057,6030.160407006597,280.44259968487484,4880.796365855732,1429.80664083574,0.0,21068.306518801925,-21068.306518801925,280.44259968487484,0.0,0.0,0.0,-280.44259968487484
4925.064765540656,6090.462011076663,21193.649772716555,0.0,20028.25252718055,6090.462011076663,280.91000401768304,4925.064765540656,1446.3072495536899,0.0,21193.649772716555,-21193.649772716555,280.91000401768304,0.0,0.0,0.0,-280.91000401768304
4969.772066252451,6151.366631187429,21319.276536141784,0.0,20137.681971206806,6151.366631187429,281.37818735771253,4969.772066252451,1462.9727522926914,0.0,21319.276536141784,-21319.276536141784,281.37818735771253,0.0,0.0,0.0,-281.37818735771253
5014.92265384891,6212.880297499304,21445.187704957152,0.0,20247.230061306756,6212.880297499304,281.8471510033087,5014.92265384891,1479.8047946537026,0.0,21445.187704957152,-21445.187704957152,281.8471510033087,0.0,0.0,0.0,-281.8471510033087
5060.5209580437795,6275.009100474297,21571.384180123092,0.0,20356.896037692575,6275.009100474297,282.31689625498086,5060.5209580437795,1496.8050386854984,0.0,21571.384180123092,-21571.384180123092,282.31689625498086,0.0,0.0,0.0,-282.31689625498086
5106.571452845311,6337.75919147904,21697.86686772398,0.0,20466.67912909025,6337.75919147904,282.78742441540584,5106.571452845311,1513.9751630491346,0.0,21697.86686772398,-21697.86686772398,282.78742441540584,0.0,0.0,0.0,-282.78742441540584
5153.078656999209,6401.13678339383,21824.636679011608,0.0,20576.578552616986,6401.13678339383,283.2587367894315,5153.078656999209,1531.3168631840526,0.0,21824.636679011608,-21824.636679011608,283.2587367894315,0.0,0.0,0.0,-283.2587367894315
5200.047134436,6465.148151227769,21951.694530449062,0.0,20686.593513657295,6465.148151227769,283.7308346840806,5200.047134436,1548.8318514758494,0.0,21951.694530449062,-21951.694530449062,283.7308346840806,0.0,0.0,0.0,-283.7308346840806
5247.481494722882,6529.799632740046,22079.041343755038,0.0,20796.72320573787,6529.799632740046,284.2037194085541,5247.481494722882,1566.5218574257178,0.0,22079.041343755038,-22079.041343755038,284.2037194085541,0.0,0.0,0.0,-284.2037194085541
5295.386393520085,6595.097629067446,22206.67804594859,0.0,20906.96681040123,6595.097629067446,284.677392274235,5295.386393520085,1584.388627821596,0.0,22206.67804594859,-22206.67804594859,284.677392274235,0.0,0.0,0.0,-284.677392274235
5343.7665330418,6661.048605358121,22334.605569394276,0.0,21017.32349707796,6661.048605358121,285.15185459469205,5343.7665330418,1602.4339269110123,0.0,22334.605569394276,-22334.605569394276,285.15185459469205,0.0,0.0,0.0,-285.15185459469205
5392.626662521723,6727.659091411702,22462.824851847796,0.0,21127.792422957813,6727.659091411702,285.6271076856832,5392.626662521723,1620.659536575662,0.0,22462.824851847796,-22462.824851847796,285.6271076856832,0.0,0.0,0.0,-285.6271076856832
5441.971578683236,6794.9356823258195,22591.33683650201,0.0,21238.372732859425,6794.9356823258195,286.10315286515936,5441.971578683236,1639.067256507743,0.0,22591.33683650201,-22591.33683650201,286.10315286515936,0.0,0.0,0.0,-286.10315286515936
5491.80612621431,6862.885039149078,22720.14247203345,0.0,21349.063559098682,6862.885039149078,286.5799914532679,5491.80612621431,1657.6589043880358,0.0,22720.14247203345,-22720.14247203345,286.5799914532679,0.0,0.0,0.0,-286.5799914532679
5542.13519824715,6931.513889540569,22849.242712649248,0.0,21459.86402135583,6931.513889540569,287.0576247723567,5542.13519824715,1676.4363160657758,0.0,22849.242712649248,-22849.242712649248,287.0576247723567,0.0,0.0,0.0,-287.0576247723567
5592.963736842626,7000.829028435975,22978.638518134532,0.0,21570.773226541183,7000.829028435975,287.5360541469772,5592.963736842626,1695.4013457403262,0.0,22978.638518134532,-22978.638518134532,287.5360541469772,0.0,0.0,0.0,-287.5360541469772
5644.296733479568,7070.837318720334,23108.330853900286,0.0,21681.79026865952,7070.837318720334,288.01528090388877,5644.296733479568,1714.5558661446557,0.0,23108.330853900286,-23108.330853900286,288.01528090388877,0.0,0.0,0.0,-288.01528090388877
5696.139229548936,7141.545691907538,23238.320691031655,0.0,21792.914228673053,7141.545691907538,288.4953063720619,5696.139229548936,1733.9017687306641,0.0,23238.320691031655,-23238.320691031655,288.4953063720619,0.0,0.0,0.0,-288.4953063720619
5748.496316852942,7212.961148826613,23368.60900633673,0.0,21904.14417436306,7212.961148826613,288.97613188268207,5748.496316852942,1753.440963856353,0.0,23368.60900633673,-23368.60900633673,288.97613188268207,0.0,0.0,0.0,-288.97613188268207
5801.373138109164,7285.090760314879,23499.19678239581,0.0,22015.479160190094,7285.090760314879,289.4577587691532,5801.373138109164,1773.175380974868,0.0,23499.19678239581,-23499.19678239581,289.4577587691532,0.0,0.0,0.0,-289.4577587691532
5854.774887459686,7357.941667918028,23630.085007611127,0.0,22126.918227152786,7357.941667918028,289.94018836710177,5854.774887459686,1793.106968825443,0.0,23630.085007611127,-23630.085007611127,289.94018836710177,0.0,0.0,0.0,-289.94018836710177
5908.706810985356,7431.521084597208,23761.274676257053,0.0,22238.460402645203,7431.521084597208,290.4234220143803,5908.706810985356,1813.2376956262315,0.0,23761.274676257053,-23761.274676257053,290.4234220143803,0.0,0.0,0.0,-290.4234220143803
5963.174207225158,7505.83629544318,23892.7667885308,0.0,22350.10470031278,7505.83629544318,290.907461051071,5963.174207225158,1833.569549269092,0.0,23892.7667885308,-23892.7667885308,290.907461051071,0.0,0.0,0.0,-290.907461051071
6018.1824277008,7580.894658397611,24024.56235060362,0.0,22461.85011990681,7580.894658397611,291.3923068194894,6018.1824277008,1854.1045375163003,0.0,24024.56235060362,-24024.56235060362,291.3923068194894,0.0,0.0,0.0,-291.3923068194894
6073.736877446534,7656.703604981587,24156.662374672476,0.0,22573.69564713742,7656.703604981587,291.87796066418855,6073.736877446534,1874.8446881992413,0.0,24156.662374672476,-24156.662374672476,291.87796066418855,0.0,0.0,0.0,-291.87796066418855
6129.843015544283,7733.270641031403,24289.067879012233,0.0,22685.640253525115,7733.270641031403,292.3644239319622,6129.843015544283,1895.792049419082,0.0,24289.067879012233,-24289.067879012233,292.3644239319622,0.0,0.0,0.0,-292.3644239319622
6186.506355664113,7810.603347441717,24421.779888028355,0.0,22797.682896250753,7810.603347441717,292.8516979718488,6186.506355664113,1916.9486897494535,0.0,24421.779888028355,-24421.779888028355,292.8516979718488,0.0,0.0,0.0,-292.8516979718488
6243.73246661011,7888.709380916134,24554.799432310097,0.0,22909.82251800407,7888.709380916134,293.33978413513523,6243.73246661011,1938.3166984411591,0.0,24554.799432310097,-24554.799432310097,293.33978413513523,0.0,0.0,0.0,-293.33978413513523
6301.526972871727,7967.596474725296,24688.127548684228,0.0,23022.058046830658,7967.596474725296,293.82868377536045,6301.526972871727,1959.8981856289302,0.0,24688.127548684228,-24688.127548684228,293.82868377536045,0.0,0.0,0.0,-293.82868377536045
6359.895555180621,8047.272439472548,24821.76528026927,0.0,23134.38839597734,8047.272439472548,294.31839824831934,6359.895555180621,1981.695282540246,0.0,24821.76528026927,-24821.76528026927,294.31839824831934,0.0,0.0,0.0,-294.31839824831934
6418.843951073089,8127.745163867274,24955.713676530257,0.0,23246.812463736074,8127.745163867274,294.80892891206656,6418.843951073089,2003.7101417062522,0.0,24955.713676530257,-24955.713676530257,294.80892891206656,0.0,0.0,0.0,-294.80892891206656
6478.377955458098,8209.022615505946,25089.97379333405,0.0,23359.329133286203,8209.022615505946,295.30027712692,6478.377955458098,2025.9449371747687,0.0,25089.97379333405,-25089.97379333405,295.30027712692,0.0,0.0,0.0,-295.30027712692
6538.50342119102,8291.112841661006,25224.546693005148,0.0,23471.937272535164,8291.112841661006,295.79244425546483,6538.50342119102,2048.4018647254516,0.0,25224.546693005148,-25224.546693005148,295.79244425546483,0.0,0.0,0.0,-295.79244425546483
6599.226259653085,8374.023970077616,25359.433444382066,0.0,23584.635733957533,8374.023970077616,296.28543166255724,6599.226259653085,2071.083142087089,0.0,25359.433444382066,-25359.433444382066,296.28543166255724,0.0,0.0,0.0,-296.28543166255724
6660.5524413366475,8457.764209778392,25494.63512287427,0.0,23697.423354432525,8457.764209778392,296.7792407153281,6660.5524413366475,2093.9910091570728,0.0,25494.63512287427,-25494.63512287427,296.7792407153281,0.0,0.0,0.0,-296.7792407153281
6722.487996436284,8542.341851876175,25630.15281051965,0.0,23810.298955079757,8542.341851876175,297.273872783187,6722.487996436284,2117.1277282230785,0.0,25630.15281051965,-25630.15281051965,297.273872783187,0.0,0.0,0.0,-297.273872783187
6785.039015445823,8627.765270394937,25765.987596042534,0.0,23923.26134109342,8627.765270394937,297.7693292378257,6785.039015445823,2140.4955841869405,0.0,25765.987596042534,-25765.987596042534,297.7693292378257,0.0,0.0,0.0,-297.7693292378257
6848.211649761327,8714.042923098887,25902.140574912308,0.0,24036.30930157475,8714.042923098887,298.26561145322205,6848.211649761327,2164.0968847907816,0.0,25902.140574912308,-25902.140574912308,298.26561145322205,0.0,0.0,0.0,-298.26561145322205
